{"playerData":{"currentLevel":0,"playerPos":[3.2144856452941896,0.0009999871253967286,1.5591810941696168]}}